{
    "students": {
        "GH": {
            "grade": "8th",
            "age": "13",
            "goals": "-",
            "classes": {
                "Trimester 1": {},
                "Trimester 2": {},
                "Trimester 3": {}
            },
            "weekly_todos": [],
            "behavior_log": [],
            "program": "Compass",
            "summary": "",
            "dob": "",
            "image_path": "",
            "pinned": true
        }
    },
    "my_students": [],
    "last_update": "2025-06-12"
}